BONITET;DESC;RGB;HEX;vekst_min;vekst_max
1;Fulldyrka- og overflatedyrka jord;255,205,86;#ffcd56;0;0
2;Innmarksbeite;255,250,86;#fffa56;0;0
3;Skog, høg og særs høg bonitet;75,189,94;#4bbd5e;0.5;0.5
4;Skog, middels bonitet;127,209,113;#7fd171;0.3;0.5
5;Skog, låg bonitet;175,230,135;#afe687;0.1;0.3
6;Skog, impediment;217,245,167;#d9f5a7;0;0.1
7;Skog, ikke registrert bonitet;214,247,199;#d6f7c7;NA;NA
8;Snaumark, frisk vegetasjon;199,199,199;#c7c7c7;0;0
9;Snaumark, middels frisk vegetasjon;225,199,144;#e1c790;0;0
10;Snaumark, skrinn vegetasjon;255,232,194;#ffe8c2;0;0
11;Myr med skog;126,164,169;#7ea4a9;0;0
12;Åpen myr;191,186,240;#bfbaf0;0;0
13;Bart fjell og blokkmark;192,192,192;#c0c0c0;0;0
14;Bebygd og samferdsel;232,100,116;#e86474;0;0
15;Snøisbre;255,255,255;#ffffff;0;0
16;Ferskvann;145,231,255;#91e7ff;0;0
17;Hav;210,255,255;#d2ffff;0;0

