Klassenavn;RGB;HEX;OBJTYPE;VEGKATEGOR
Bilferje;196,145,71;#c49147;Bilferjestrekning;NA
Europaveg;255,128,0;#ff8000;VegSenterlinje;E
Europaveg;255,128,0;#ff8000;Kjørebane;E
Riksveg;255,255,0;#ffff00;VegSenterlinje;R
Riksveg;255,255,0;#ffff00;Kjørebane;R
Fylkesveg;255,255,0;#ffff00;VegSenterlinje;F
Fylkesveg;255,255,0;#ffff00;Kjørebane;F
Kommunal veg;244,164,96;#f4a460;VegSenterlinje;K
Kommunal veg;244,164,96;#f4a460;Kjørebane;K
Skogsbilveg;196,145,71;#c49147;VegSenterlinje;S
Skogsbilveg;196,145,71;#c49147;Kjørebane;S
Privat veg;89,187,171;#59bbab;VegSenterlinje;P
Privat veg;889,187,171;#59bbab;Kjørebane;P
Fortau/Trapp;89,187,171;#59bbab;Fortau;NA
Fortau/Trapp;89,187,171;#59bbab;FrittståendeTrapp;NA
Gang- og sykkelveg;218,105,74;#da694a;GangSykkelVegSenterlinje;NA
Vegsperring;249,63,32;#f93f20;Vegsperring;NA

