Klassenavn;f_RGB;f_HEX;b_RGB;b_HEX;Verneform
Nasjonalpark;0,125,0;#007d00;50,150,50;#329632;NP
Nasjonalpark;0,125,0;#007d00;50,150,50;#329632;NPS

Naturreservat;255,0,0;#ff0000;175,0,0;#af0000;NR
Naturreservat;255,0,0;#ff0000;175,0,0;#af0000;NRS

Landskapsvernområde;0,225,0;#00e100;50,100,50;#326432;LVO
Landskapsvernområde;0,225,0;#00e100;50,100,50;#326432;LVOD
Landskapsvernområde;0,225,0;#00e100;50,100,50;#326432;LVOP
Landskapsvernområde;0,225,0;#00e100;50,100,50;#326432;LVOPD

Artsfredning;255,200,100;#ffc864;255,200,100;#ffc864;D
Artsfredning;255,200,100;#ffc864;255,200,100;#ffc864;P
Artsfredning;255,200,100;#ffc864;255,200,100;#ffc864;PD

Marint verneområde;255,128,0;#ff8000;255,128,0;#ff8000;MAV

Annen fredning;225,225,0;#e1e100;225,245,0;#e1f500;BV
Annen fredning;225,225,0;#e1e100;225,245,0;#e1f500;DO
Annen fredning;225,225,0;#e1e100;225,245,0;#e1f500;GVS
Annen fredning;225,225,0;#e1e100;225,245,0;#e1f500;MIV
Annen fredning;225,225,0;#e1e100;225,245,0;#e1f500;NM
Annen fredning;225,225,0;#e1e100;225,245,0;#e1f500;PD

